"id","ep_num","segment","title","role","text"
3010001,301,1,"RAINFOREST SCHMAINFOREST","description","South Park Elementary, Garrison's class. A group of visiting kids in yellow G.G.W.K. shirts stands next to Garrison"
3010002,301,1,"RAINFOREST SCHMAINFOREST","MR. GARRISON","Okay, children, we have a special guest today, a woman recruiting young people for a national choir tour. Now I know that choir tours are totally stupid and lame , but please, give her your full attention.  Go ahead."
3010003,301,1,"RAINFOREST SCHMAINFOREST","CHOIR TEACHER","Uh. Thank you, Mr. Garrison.  How are we all doing today?!  I can't hear you! I said, How are we all doing?!"
3010004,301,1,"RAINFOREST SCHMAINFOREST","MR. GARRISON","Eric Cartman, you say ""excuse me""!"
3010005,301,1,"RAINFOREST SCHMAINFOREST","CARTMAN","Okay."
3010006,301,1,"RAINFOREST SCHMAINFOREST","MR. GARRISON","Go ahead."
3010007,301,1,"RAINFOREST SCHMAINFOREST","CHOIR TEACHER","Children, we are a national choir called, ""Getting Gay With Kids!"" We're gonna do a big tour down in Central America to help save the rainforest, and you can be a part of it!"
3010008,301,1,"RAINFOREST SCHMAINFOREST","KENNY","(This sounds fucking screwed)"
3010009,301,1,"RAINFOREST SCHMAINFOREST","MR. GARRISON","Kenny McCormick, you speak when you're spoken to!!  Go ahead."
3010010,301,1,"RAINFOREST SCHMAINFOREST","CHOIR TEACHER","You see, we take kids from all over the country and put them in a choir where we sing and dance to raise awareness about our vanishing rainforest."
3010011,301,1,"RAINFOREST SCHMAINFOREST","CHOIR BOY","Did you know over 10,000 acres of rainforest are bolldozed every year?"
3010012,301,1,"RAINFOREST SCHMAINFOREST","CHOIR GIRL","That's right. And over 30% of the world's oxygen  is made in the rainforest."
3010013,301,1,"RAINFOREST SCHMAINFOREST","CHOIR TEACHER","So, who wants to join the fun??"
3010014,301,1,"RAINFOREST SCHMAINFOREST","CARTMAN","What if you don't have any rhythm?"
3010015,301,1,"RAINFOREST SCHMAINFOREST","CHOIR TEACHER","Excuse me?"
3010016,301,1,"RAINFOREST SCHMAINFOREST","CARTMAN","Well, like my friend Kyle. He's Jewish, so he doesn't have any rhythm."
3010017,301,1,"RAINFOREST SCHMAINFOREST","KYLE","Shut up, fatass!"
3010018,301,1,"RAINFOREST SCHMAINFOREST","STAN","Choirs suck."
3010019,301,1,"RAINFOREST SCHMAINFOREST","MR. GARRISON","Kyle Broflovski, you watch your language!! Eric Cartman, you be nice to people!! Stan Marsh, you mind your manners!! Kenny McCormick, you pay attention!! Go ahead."
3010020,301,1,"RAINFOREST SCHMAINFOREST","CHOIR TEACHER","Well, uh, that's all, really.  So, if anyone is interested in seeing the rainforest and joining our choir, I'll leave information packets up front."
3010021,301,1,"RAINFOREST SCHMAINFOREST","CARTMAN","Oh, that's good. We need some more toilet paper."
3010022,301,1,"RAINFOREST SCHMAINFOREST","MR. GARRISON","All right, that does it!!"
3010023,301,2,"RAINFOREST SCHMAINFOREST","description","Mr. Mackey's office. The kid in the blue aviator cap isn't sitting on the bench outside, as he usually is"
3010024,301,2,"RAINFOREST SCHMAINFOREST","COUNSELOR MACKEY","I am tired of seeing you in my office, young man!  You get sent here every day, Craig!"
3010025,301,2,"RAINFOREST SCHMAINFOREST","CRAIG","I know."
3010026,301,2,"RAINFOREST SCHMAINFOREST","COUNSELOR MACKEY","Why can't you behave?"
3010027,301,2,"RAINFOREST SCHMAINFOREST","CRAIG","...I don't know."
3010028,301,2,"RAINFOREST SCHMAINFOREST","COUNSELOR MACKEY","What do you have to say for yourself?! Well, I tell you what, young man. Uh, you're gonna be held back a grade if you don't luh-  Did you just flip me off?"
3010029,301,2,"RAINFOREST SCHMAINFOREST","CRAIG","No."
3010030,301,2,"RAINFOREST SCHMAINFOREST","COUNSELOR MACKEY","Yes you did, you just flipped me the bird! Now, see? This is exactly what I'm talking about! If you don't shape up, mkay, and get your head straight, uh-  There! You just flipped me off again!"
3010031,301,2,"RAINFOREST SCHMAINFOREST","CRAIG","No I didn't."
3010032,301,2,"RAINFOREST SCHMAINFOREST","COUNSELOR MACKEY","Yes you did! And until you stop flipping people off, you can just go back to the waiting room, mkay?! Next!  Well, well, well, if it isn't Stan, Kyle, Kenny, and Eric."
3010033,301,2,"RAINFOREST SCHMAINFOREST","KYLE","Hey, Craig."
3010034,301,2,"RAINFOREST SCHMAINFOREST","ERIC","Ey, don't flip me off, you son of a bitch!"
3010035,301,2,"RAINFOREST SCHMAINFOREST","COUNSELOR MACKEY","Sit down, boys. Now, let's see. What did Mr. Garrison send you in here for? ""The boys were being rude while a choir teacher was giving some stupid presentation-"""
3010036,301,2,"RAINFOREST SCHMAINFOREST","STAN","It's just some dumb activist kids' choir thing."
3010037,301,2,"RAINFOREST SCHMAINFOREST","COUNSELOR MACKEY","Uh, young man, ""Getting Gay With Kids"" is not dumb, mkay? It just so happens that I'm on the board of directors."
3010038,301,2,"RAINFOREST SCHMAINFOREST","KYLE","Dude! All those choirs are the same. They don't even really sing. They use prerecorded tapes."
3010039,301,2,"RAINFOREST SCHMAINFOREST","COUNSELOR MACKEY","Well, guess what, boys? I think that ""Getting Gay With Kids"" is just what you need. I'm gonna sign up all four of you."
3010040,301,2,"RAINFOREST SCHMAINFOREST","STAN","What?!"
3010041,301,2,"RAINFOREST SCHMAINFOREST","KYLE","You can't do that!"
3010042,301,2,"RAINFOREST SCHMAINFOREST","KENNY","(Woohoo!)  (I mean, 'Oh.')"
3010043,301,2,"RAINFOREST SCHMAINFOREST","COUNSELOR MACKEY","I think this will be very good for you"
3010044,301,2,"RAINFOREST SCHMAINFOREST","STAN","But we don't even care about the rainforest."
3010045,301,2,"RAINFOREST SCHMAINFOREST","COUNSELOR MACKEY","And that's exactly why you need to go!"
3010046,301,2,"RAINFOREST SCHMAINFOREST","CARTMAN","Please, Mr. Mackey, we'll be good. Don't send us to that ole kids' choir. Have mercy, Mr. Mackey."
3010047,301,3,"RAINFOREST SCHMAINFOREST","description","Kyle's house, some days later. The Get Gay With Kids bus pulls up to Kyle's house to pick up Kyle, Cartman, and Stan"
3010048,301,3,"RAINFOREST SCHMAINFOREST","KYLE'S MOTHER","Be safe, Kyle. Bring me something back from the rainforest."
3010049,301,3,"RAINFOREST SCHMAINFOREST","CHOIR TEACHER","Oh, nonono. The rainforest is very fragile. We must take only pictures and leave only footprints."
3010050,301,3,"RAINFOREST SCHMAINFOREST","KYLE'S MOTHER","Oh, I didn't realize."
3010051,301,3,"RAINFOREST SCHMAINFOREST","CHOIR BOY","Did you know that right now, bulldozers are tearing down thousands of acres of rainforest every day?"
3010052,301,3,"RAINFOREST SCHMAINFOREST","CARTMAN","Aw, man, this is gonna suck donkey balls."
3010053,301,3,"RAINFOREST SCHMAINFOREST","STAN","Please don't make me go on a choir tour, Mom, please!"
3010054,301,3,"RAINFOREST SCHMAINFOREST","SHARON","Stan, you should be excited. I would love to see the rainforest. Besides, your dad and I need some time alone."
3010055,301,3,"RAINFOREST SCHMAINFOREST","STAN","Nooo-ho!"
3010056,301,3,"RAINFOREST SCHMAINFOREST","CHOIR TEACHER","Okay, children, that's all of us. We're ready to head for the Latin American nation of Costa Rica, a country filled with virgin rainforest."
3010057,301,3,"RAINFOREST SCHMAINFOREST","CARTMAN","Whoopee."
3010058,301,3,"RAINFOREST SCHMAINFOREST","CHOIR TEACHER","And you must be Eric Cartman. I've heard about you. You don't respect nature or other cultures."
3010059,301,3,"RAINFOREST SCHMAINFOREST","CARTMAN","Yeah, pretty much."
3010060,301,3,"RAINFOREST SCHMAINFOREST","CHOIR TEACHER","Well, I'm gonna change the way you think, kiddo."
3010061,301,3,"RAINFOREST SCHMAINFOREST","CHOIR GIRL","My name's Kelly."
3010062,301,3,"RAINFOREST SCHMAINFOREST","KENNY","(My name's Kenny.)"
3010063,301,3,"RAINFOREST SCHMAINFOREST","KELLY","Lenny?"
3010064,301,3,"RAINFOREST SCHMAINFOREST","KENNY","(No, it's Kenny.)"
3010065,301,3,"RAINFOREST SCHMAINFOREST","KELLY","Johnny?"
3010066,301,3,"RAINFOREST SCHMAINFOREST","KENNY","(Kenny!)"
3010067,301,3,"RAINFOREST SCHMAINFOREST","KELLY","Oh."
3010068,301,3,"RAINFOREST SCHMAINFOREST","CHOIR GIRL","Now, we've got a looong trip ahead of us, so let's take the opportunity to learn our choreography."
3010069,301,3,"RAINFOREST SCHMAINFOREST","CARTMAN","The nightmare begins."
3010070,301,4,"RAINFOREST SCHMAINFOREST","description","The bus rolls along. A map pops up, showing the bus's route, and Latin music plays. It croses the border at Mexicali, goes down the Baja peninsula, takes a ferry to Mexico and cuts across the North to the Gulf, then snakes down Central America to Costa Rica. They arrive at San José."
3010071,301,4,"RAINFOREST SCHMAINFOREST","CHOIR TEACHER","Oh, look, children! I think we're entering San José, which is the capital of Costa Rica.  Oh! This is so exciting!"
3010072,301,4,"RAINFOREST SCHMAINFOREST","CARTMAN","Oh my God! Dude, look at how dirty and crappy everything is!"
3010073,301,4,"RAINFOREST SCHMAINFOREST","CHOIR TEACHER","Eric, Costa Rica is a Third-World country. These people are much poorer than those in the U.S."
3010074,301,4,"RAINFOREST SCHMAINFOREST","CARTMAN","Well, why the hell don't they get jobs?! Ey! Why don't you people quit slacking off, and get a job! What's wrong with you?! Go to college!"
3010075,301,4,"RAINFOREST SCHMAINFOREST","CHOIR TEACHER","Eric, sit down!"
3010076,301,4,"RAINFOREST SCHMAINFOREST","CARTMAN","Look, you've gotta be firm with these people or they just slack off and be poor forever. Right, Kenny?  Hey, maybe that's it, Kenny. Maybe you're Costa Rican; that's why your family's so poor."
3010077,301,4,"RAINFOREST SCHMAINFOREST","KENNY","(Argh! That's just so untrue.)"
3010078,301,4,"RAINFOREST SCHMAINFOREST","KELLY","Your family isn't poor?"
3010079,301,4,"RAINFOREST SCHMAINFOREST","CARTMAN","Whoa, dude, look over there!  Wow! Costa Rican prostitutes! Hey, look at the prostitutes, you guys!"
3010080,301,4,"RAINFOREST SCHMAINFOREST","REDHEADED PROSTITUTE","What are chu looking at, man?"
3010081,301,4,"RAINFOREST SCHMAINFOREST","MIDDLE PROSTITUTE","Yeah, why don't chu take a peekture?"
3010082,301,4,"RAINFOREST SCHMAINFOREST","CARTMAN","Okay.  Kugheek!"
3010083,301,4,"RAINFOREST SCHMAINFOREST","CHOIR TEACHER","Eric, SIT DOWN!"
3010084,301,5,"RAINFOREST SCHMAINFOREST","description","the bus stops at the Centro Nacional de Costa Rica and all exit"
3010085,301,5,"RAINFOREST SCHMAINFOREST","CHOIR TEACHER","Kids, this is the Costa Rican Capitol building. This is where all the leaders of the Costa Rican government make their-"
3010086,301,5,"RAINFOREST SCHMAINFOREST","CARTMAN","Oh my God,  it smells like ass out here."
3010087,301,5,"RAINFOREST SCHMAINFOREST","CHOIR TEACHER","All right, that does it!  Eric Cartman, you respect other cultures this instant!"
3010088,301,5,"RAINFOREST SCHMAINFOREST","CARTMAN","I wasn't saying anything about their culture, I was just saying their city smells like ass."
3010089,301,5,"RAINFOREST SCHMAINFOREST","KELLY","Wow, seeing a place like this really makes you appreciate living in America, huh?"
3010090,301,5,"RAINFOREST SCHMAINFOREST","KENNY","(Uh-huh.)"
3010091,301,5,"RAINFOREST SCHMAINFOREST","CHOIR TEACHER","You may think that making fun of Third-World countries is funny, but let me-"
3010092,301,5,"RAINFOREST SCHMAINFOREST","CARTMAN","I don't think it's funny! This place is overcrowded, smelly, and poor! That's not funny, that sucks!"
3010093,301,5,"RAINFOREST SCHMAINFOREST","CHOIR TEACHER","Eric, will you please, please, just keep your mouth shut while we present ourselves to the Costa Rican President?"
3010094,301,5,"RAINFOREST SCHMAINFOREST","CARTMAN","Why?"
3010095,301,5,"RAINFOREST SCHMAINFOREST","CHOIR TEACHER","Because I'll buy you some ice cream afterwards if you do."
3010096,301,5,"RAINFOREST SCHMAINFOREST","CARTMAN","Eh-heheh!"
3010097,301,6,"RAINFOREST SCHMAINFOREST","description","inside the Capitol. All seem to be facing the President"
3010098,301,6,"RAINFOREST SCHMAINFOREST","CHOIR TEACHER","Well, it was a long trip, but the children are very excited to sing tomorrow."
3010099,301,6,"RAINFOREST SCHMAINFOREST","EL PRESIDENTE","¿Qué?"
3010100,301,6,"RAINFOREST SCHMAINFOREST","CHOIR TEACHER","Uh, we're, uh, we're the choir? That, that was sent from... the United States?"
3010101,301,6,"RAINFOREST SCHMAINFOREST","EL PRESIDENTE","¿Qué?"
3010102,301,6,"RAINFOREST SCHMAINFOREST","CHOIR TEACHER","We're the group singing for the ""Save The Rainforest"" summit tomorrow?  Oh dear, where's, where's Mr. Mackey? He should have been here by now.  Children, do any of you speak Spanish?  Don't you dare!"
3010103,301,6,"RAINFOREST SCHMAINFOREST","COUNSELOR MACKEY","Sorry I'm late."
3010104,301,6,"RAINFOREST SCHMAINFOREST","CHOIR TEACHER","Ogh! Thank goodness you're here; I don't speak any Spanish."
3010105,301,6,"RAINFOREST SCHMAINFOREST","COUNSELOR MACKEY","Oh, no problem.  Usted es choir de Estados Unidos, mbien?"
3010106,301,6,"RAINFOREST SCHMAINFOREST","EL PRESIDENTE","¡O! ¡O! Save The Rainforest."
3010107,301,6,"RAINFOREST SCHMAINFOREST","CHOIR TEACHER","Yeess!"
3010108,301,6,"RAINFOREST SCHMAINFOREST","EL PRESIDENTE","Pablo los llevará en un tur de la jungla."
3010109,301,6,"RAINFOREST SCHMAINFOREST","COUNSELOR MACKEY","Uh, he says Pablo here will take you on a rainfoest tour."
3010110,301,6,"RAINFOREST SCHMAINFOREST","CHOIR TEACHER","Oh boy! Mr. Presidente, round up your subjects outside. We have a special gift for you. The gift... uh-of song."
3010111,301,6,"RAINFOREST SCHMAINFOREST","EL PRESIDENTE","¿Qué?"
3010112,301,7,"RAINFOREST SCHMAINFOREST","description","On the Capitol steps"
3010113,301,7,"RAINFOREST SCHMAINFOREST","CHOIR TEACHER","All right, children, Let's get in our rows quickly, so we can begin."
3010114,301,7,"RAINFOREST SCHMAINFOREST","KELLY","Did you remember all the choreography, Lenny?"
3010115,301,7,"RAINFOREST SCHMAINFOREST","KENNY","(Yeah, I think so)"
3010116,301,7,"RAINFOREST SCHMAINFOREST","CHOIR TEACHER","Hello, everybody. This is just a little rehearsal for tomorrow, so we may be a little rusty."
3010117,301,7,"RAINFOREST SCHMAINFOREST","THE TAPE","Tootin' tootin' to, tada choo choo wow!"
3010118,301,7,"RAINFOREST SCHMAINFOREST","[Men sing] There's a place that is magical, and full of rain.",""
3010119,301,7,"RAINFOREST SCHMAINFOREST","[Women sing] But now it needs help, because it is in pain.",""
3010120,301,7,"RAINFOREST SCHMAINFOREST","[Men sing] Cleaning the earth is a mighty big chore",""
3010121,301,7,"RAINFOREST SCHMAINFOREST","[All sing] We're spreading awareness like never before!",""
3010122,301,8,"RAINFOREST SCHMAINFOREST","description","Chorus] Getting Gay With Kids is here! [Kyle is out of step now"
3010123,301,8,"RAINFOREST SCHMAINFOREST","To spread the word and bring you cheer",""
3010124,301,8,"RAINFOREST SCHMAINFOREST","Let's save the rainforest! What do you say?!",""
3010125,301,8,"RAINFOREST SCHMAINFOREST","Being an activist is totally gay!",""
3010126,301,8,"RAINFOREST SCHMAINFOREST","[Bridge. Man sings] Someday if we work hard, boys and girls,",""
3010127,301,8,"RAINFOREST SCHMAINFOREST","[Woman sings] There'll be nothing but rainforests covering the ","entire world!"
3010128,301,8,"RAINFOREST SCHMAINFOREST","[Man joins her] World!",""
3010129,301,9,"RAINFOREST SCHMAINFOREST","description","Chorus. Kids rush into the audience and bring some members back as new partners"
3010130,301,9,"RAINFOREST SCHMAINFOREST","Getting Gay With Kids is here!",""
3010131,301,9,"RAINFOREST SCHMAINFOREST","To spread the word and bring you cheer. Yeah!",""
3010132,301,9,"RAINFOREST SCHMAINFOREST","[Move to E flat] Getting Gay With Kids is here!",""
3010133,301,9,"RAINFOREST SCHMAINFOREST","Let's save the rainforest! It's totally gay!",""
3010134,301,9,"RAINFOREST SCHMAINFOREST","It's totally gay!",""
3010135,301,10,"RAINFOREST SCHMAINFOREST","description","the kids regroup and Kyle stumbles into place. The tape is stopped and the subjects just walk away"
3010136,301,10,"RAINFOREST SCHMAINFOREST","CHOIR TEACHER","Great job, gang! You were really all over the place, Kyle."
3010137,301,10,"RAINFOREST SCHMAINFOREST","KYLE","Thanks!"
3010138,301,10,"RAINFOREST SCHMAINFOREST","CARTMAN","I told you Jewish people don't have rhythm!"
3010139,301,10,"RAINFOREST SCHMAINFOREST","KYLE","Fuck off, Cartman!"
3010140,301,10,"RAINFOREST SCHMAINFOREST","STAN","No, dude! I think Cartman might actually be right."
3010141,301,10,"RAINFOREST SCHMAINFOREST","KYLE","No! That's a stereotype."
3010142,301,10,"RAINFOREST SCHMAINFOREST","STAN","Dude! Maybe you really don't have any rhythm."
3010143,301,11,"RAINFOREST SCHMAINFOREST","description","Next day, the sun rises over a sea of cccccc, the canopy of the rainforest. The choir teacher and her group are touring with Pablo"
3010144,301,11,"RAINFOREST SCHMAINFOREST","PABLO","This is now secondary rainforest we are entering. Notice the canopy of foliage."
3010145,301,11,"RAINFOREST SCHMAINFOREST","CHOIR TEACHER","Oh, it's everything I ever dreamed it would be!"
3010146,301,11,"RAINFOREST SCHMAINFOREST","KYLE","God-damn, it's hot out here!"
3010147,301,11,"RAINFOREST SCHMAINFOREST","STAN","Aaah! Snake!"
3010148,301,11,"RAINFOREST SCHMAINFOREST","KYLE","No, dude. That's a branch."
3010149,301,11,"RAINFOREST SCHMAINFOREST","STAN","Oh.  Aaah! Snake!"
3010150,301,11,"RAINFOREST SCHMAINFOREST","KYLE","No. That's the same branch again."
3010151,301,11,"RAINFOREST SCHMAINFOREST","STAN","Oh."
3010152,301,11,"RAINFOREST SCHMAINFOREST","PABLO","The rainforest is very delicate, and we must take steps to protect it."
3010153,301,11,"RAINFOREST SCHMAINFOREST","CARTMAN","Yeah yeah yeah, take steps to protect it, blah blah blah.  We here this a million times back up in the States."
3010154,301,11,"RAINFOREST SCHMAINFOREST","PABLO","Here! Look! These are squirrel monkeys. Endangered inhabitants of the rainforest."
3010155,301,11,"RAINFOREST SCHMAINFOREST","KELLY","Wow! Isn't he neat, Lenny?"
3010156,301,11,"RAINFOREST SCHMAINFOREST","CARTMAN","Bad! Bad monkey!"
3010157,301,11,"RAINFOREST SCHMAINFOREST","CHOIR TEACHER","Eric, what the heck are you doing??"
3010158,301,11,"RAINFOREST SCHMAINFOREST","CARTMAN","I'm asserting myself. It's tough love. Just like my Mr. Kitty. When he's bad I say, ""Uh that a bad Mr. Kitty!"" and I smack him on the head!"
3010159,301,11,"RAINFOREST SCHMAINFOREST","PABLO","And here is a three-toed sloth."
3010160,301,11,"RAINFOREST SCHMAINFOREST","CARTMAN","It's bad! It's a bad three-toed sloth!"
3010161,301,11,"RAINFOREST SCHMAINFOREST","CHOIR TEACHER","Eric, for God's sake, knock it off!!"
3010162,301,11,"RAINFOREST SCHMAINFOREST","CARTMAN","Respect my authoritah!"
3010163,301,11,"RAINFOREST SCHMAINFOREST","CHOIR TEACHER","Well, Mr. Pedro, this was a great tour, but I guess we should be getting back. We have a big concert tomorrow, Don't we, kids?!"
3010164,301,11,"RAINFOREST SCHMAINFOREST","KIDS","YEAH!"
3010165,301,11,"RAINFOREST SCHMAINFOREST","CHOIR BOY","I wish we could have seen the Yanogapa."
3010166,301,11,"RAINFOREST SCHMAINFOREST","KYLE","What's the Yanogapa?"
3010167,301,11,"RAINFOREST SCHMAINFOREST","CHOIR TEACHER","The Yanogapa are gentle native people that live in the rainforest, but bulldozers are destroying their homes. Soon, they will have nowhere to go. So we must stop bulldozing the rainforest so that they can live-!"
3010168,301,11,"RAINFOREST SCHMAINFOREST","CARTMAN","Aagh Ghyod, here she goes again!!"
3010169,301,11,"RAINFOREST SCHMAINFOREST","STAN","AAAAAAA!"
3010170,301,11,"RAINFOREST SCHMAINFOREST","CHOIR TEACHER","Stanley, what is it?"
3010171,301,11,"RAINFOREST SCHMAINFOREST","STAN","SNAAAKE!"
3010172,301,11,"RAINFOREST SCHMAINFOREST","PABLO","Oh, yes. Uhthis is what we call a coral snake. Notice the red markings. Quite an amazing creature."
3010173,301,11,"RAINFOREST SCHMAINFOREST","STAN","AAAAAAA!"
3010174,301,11,"RAINFOREST SCHMAINFOREST","PABLO","What's the matter, little boy?"
3010175,301,11,"RAINFOREST SCHMAINFOREST","CARTMAN","He's a little wuss, what's it look like?"
3010176,301,11,"RAINFOREST SCHMAINFOREST","STAN","I'm just a-scared of snakes."
3010177,301,11,"RAINFOREST SCHMAINFOREST","PABLO","Naw, naw. You must remember. This snake is more afraid of us than we are of it."
3010178,301,11,"RAINFOREST SCHMAINFOREST","Oh!! [the snake bites him all over the face. Stan looks and drops ","the foliage so as to hide, and Pablo falls]"
3010179,301,11,"RAINFOREST SCHMAINFOREST","Agh.",""
3010180,301,11,"RAINFOREST SCHMAINFOREST","CHOIR TEACHER","Oh my God!!"
3010181,301,11,"RAINFOREST SCHMAINFOREST","CARTMAN","Yeah, that snake is really scared of us all right!"
3010182,301,11,"RAINFOREST SCHMAINFOREST","CHOIR TEACHER","Jesus Christ, is he dead?!"
3010183,301,11,"RAINFOREST SCHMAINFOREST","STAN","Dude!"
3010184,301,11,"RAINFOREST SCHMAINFOREST","KYLE","My guess would be 'yes.'"
3010185,301,11,"RAINFOREST SCHMAINFOREST","CHOIR TEACHER","Oh, no! God, no, no!  Don't panic, children"
3010186,301,11,"RAINFOREST SCHMAINFOREST","CARTMAN","Bad! That's a bad snay-ah!"
3010187,301,12,"RAINFOREST SCHMAINFOREST","description","The sun sets over the rainforest. The choir teacher now guides the group..."
3010188,301,12,"RAINFOREST SCHMAINFOREST","CHOIR TEACHER","Maybe we came from that way.  No, nno. Let's try this way."
3010189,301,12,"RAINFOREST SCHMAINFOREST","KELLY","Benny? Do you think we're gonna be okay?"
3010190,301,12,"RAINFOREST SCHMAINFOREST","KENNY","(Look. Everything is fine.)"
3010191,301,12,"RAINFOREST SCHMAINFOREST","KELLY","That's good. Can I tell you something?"
3010192,301,12,"RAINFOREST SCHMAINFOREST","KENNY","(Okay.)"
3010193,301,12,"RAINFOREST SCHMAINFOREST","KELLY","I think I like you."
3010194,301,12,"RAINFOREST SCHMAINFOREST","KENNY","(Really?!)"
3010195,301,12,"RAINFOREST SCHMAINFOREST","KELLY","Yeah. I mean, I think we communicate really well."
3010196,301,12,"RAINFOREST SCHMAINFOREST","KENNY","(Oh, that's great!)"
3010197,301,12,"RAINFOREST SCHMAINFOREST","KELLY","No, that's not good."
3010198,301,12,"RAINFOREST SCHMAINFOREST","KENNY","(That's not good?)"
3010199,301,12,"RAINFOREST SCHMAINFOREST","KELLY","No. See, if I start to like you too much,  I'm only going to get my heart broken. 'Cause we live on opposite ends of the country.  Once this choir tour is over, we'll never see each other again.  And that would devastate me. So I can't have any feelings for you, I just can't, Lenny!"
3010200,301,12,"RAINFOREST SCHMAINFOREST","KENNY","(Aaaargh!)"
3010201,301,12,"RAINFOREST SCHMAINFOREST","CHOIR TEACHER","Oh, children, the sun is setting. We have to find our way out of here quick!"
3010202,301,13,"RAINFOREST SCHMAINFOREST","description","The sun sets and the moon appears over the rainforest. Lightning flashes and the camera slowly drops to ground cover"
3010203,301,13,"RAINFOREST SCHMAINFOREST","CHOIR TEACHER","Whoa-kay, okay, everything is just fine, kids. Now it is important that we all stick together. Is everybody still here?"
3010204,301,13,"RAINFOREST SCHMAINFOREST","A BOY","I'm not."
3010205,301,13,"RAINFOREST SCHMAINFOREST","CHOIR TEACHER","Who's not?!"
3010206,301,13,"RAINFOREST SCHMAINFOREST","A BOY","Me."
3010207,301,13,"RAINFOREST SCHMAINFOREST","KELLY","Benny, will you hold my hand?  I don't want to get emotionally attached, though."
3010208,301,13,"RAINFOREST SCHMAINFOREST","STAN","Oh my God, dude!! I just saw Tony Danza!!"
3010209,301,13,"RAINFOREST SCHMAINFOREST","CHOIR TEACHER","No, you didn't just see Tony Danza, Stanley."
3010210,301,14,"RAINFOREST SCHMAINFOREST","description","Next day. The sun rises over the Centro Nacional. A rooster crows. A maasive stage is prepared for the Save the Rain Forest summit. It looks like an amphitheatre, with a scaffold holding ten speakers over the stage and bullhorns atop the pillars. Balloons and a Save the Rain Forest banner are also anchored to the scaffold"
3010211,301,14,"RAINFOREST SCHMAINFOREST","EL PRESIDENTE","Bueno, bueno. Pongan el arcoiris al lado de las tortugas muertas. (Put the rainbow next to the picture of dying sea turtles.)"
3010212,301,14,"RAINFOREST SCHMAINFOREST","COUNSELOR MACKEY","Buenos dias, Señor Presidente, ¿mbien? (Hello, El Presidente)"
3010213,301,14,"RAINFOREST SCHMAINFOREST","EL PRESIDENTE","¿Qué tal? ¿Está todo bien? (Oh hello. Is everything going okay?)"
3010214,301,14,"RAINFOREST SCHMAINFOREST","COUNSELOR MACKEY","Uh, muy bien. Señor Presidente, um... ¿Usted no ha visto el coro, no, mm-hm bien? (Oh fine, fine... You, uh, haven't seen the choir have you?)"
3010215,301,14,"RAINFOREST SCHMAINFOREST","EL PRESIDENTE","¡¿QUÉ?! (WHAT?!)"
3010216,301,14,"RAINFOREST SCHMAINFOREST","COUNSELOR MACKEY","Parece que anoche no regresaron al hotel, hmbien. (Well, they never came back to the hotel last night...)"
3010217,301,14,"RAINFOREST SCHMAINFOREST","EL PRESIDENTE","¡¿Está bromeando, Mackey?! ¡¡¡Más de cien mil personas atenderan este evento!!! ¡¿Y me dice usted que no tendré a mis chiquitos lindos para que les canten?! (You've got to be kidding!! I have over a hundred thousand people coming to this event!!! Are you telling me that I have no darling little kids to sing to them?!)"
3010218,301,14,"RAINFOREST SCHMAINFOREST","COUNSELOR MACKEY","Estoy seguro que-uh-mmm, que-aaah llegá- llegáran. No se preocupe. Eh, olvidelo, ¿yeah-mbien? (I am sure they'll get here. No problem, forget I said anything.)"
3010219,301,15,"RAINFOREST SCHMAINFOREST","description","At the same time, in the rainforest, the group rises and marches on"
3010220,301,15,"RAINFOREST SCHMAINFOREST","KYLE","Dude, we're totally lost! We're gonna die out here!"
3010221,301,15,"RAINFOREST SCHMAINFOREST","KELLY","We are?"
3010222,301,15,"RAINFOREST SCHMAINFOREST","CHOIR TEACHER","Don't worry, Kelly. We're gonna find our way out of the rainforest and make it back to the concert in time. We just need to respect our mother rainforest so that she will respect us."
3010223,301,15,"RAINFOREST SCHMAINFOREST","KYLE","Miss Stevens, you have a bug on your back."
3010224,301,15,"RAINFOREST SCHMAINFOREST","MISS STEVENS","Oh, really? Could you brush it off?"
3010225,301,15,"RAINFOREST SCHMAINFOREST","KYLE","Um, no."
3010226,301,15,"RAINFOREST SCHMAINFOREST","MISS STEVENS","Oh, boy oh!! Oh my God, get it off me!! For the love of God, get it off me!! Oh my God!!  Oh-okay, children. We must understand that the insects of the rainforest help the delicate balance of life here.  Oh my God!!"
3010227,301,15,"RAINFOREST SCHMAINFOREST","KYLE","Rainforests suck! I wanna go home!"
3010228,301,15,"RAINFOREST SCHMAINFOREST","KELLY","Me, too!"
3010229,301,15,"RAINFOREST SCHMAINFOREST","MISS STEVENS","Shh. Children, okay, let's try to listen to what the rainforest tells us. And if we use our ears she can tell us so many things. Perhaps-"
3010230,301,15,"RAINFOREST SCHMAINFOREST","KYLE","Aaaaa! There's a dude here!"
3010231,301,15,"RAINFOREST SCHMAINFOREST","MISS STEVENS","Oh, thank goodness! Hello, sir. We are lost.  Cah heh, can you help us?"
3010232,301,15,"RAINFOREST SCHMAINFOREST","SOLDIER","¿Qué?"
3010233,301,15,"RAINFOREST SCHMAINFOREST","CARTMAN","Let me try, let me try. We are from America. A-me-ri-ca.  We are lost and verry hungry. Necesito burri-tos."
3010234,301,15,"RAINFOREST SCHMAINFOREST","STAN","I don't wanna burrito, I want a taco. Supreme."
3010235,301,15,"RAINFOREST SCHMAINFOREST","CARTMAN","Y taco."
3010236,301,15,"RAINFOREST SCHMAINFOREST","KYLE","I want two tostadas and mild sauce."
3010237,301,15,"RAINFOREST SCHMAINFOREST","CARTMAN","Two tostadas and mih-um enchilito."
3010238,301,15,"RAINFOREST SCHMAINFOREST","MISS STEVENS","Boys, please. Not every Spanish person eats tacos and burritos. That's a stereotype. Children, he wants us to follow him! Oooh, thank goodness! I think this ordeal is over!"
3010239,301,16,"RAINFOREST SCHMAINFOREST","description","The group arrives at a military camp deep in the rainforest. Soldiers go about their maneuvers. The kids pass a small barbed-wire bunker"
3010240,301,16,"RAINFOREST SCHMAINFOREST","STAN","This doesn't look very safe."
3010241,301,16,"RAINFOREST SCHMAINFOREST","KYLE","Yeah. I think we should get the hell out of here."
3010242,301,16,"RAINFOREST SCHMAINFOREST","MISS STEVENS","Now kids, let's be a bit more ""open-minded."" I read all about this in Newsweek; this is a ""people's army."" They are fighting the fascist policies of their fascist government.  Oh, hello. Do you speak of English?"
3010243,301,16,"RAINFOREST SCHMAINFOREST","PEOPLE'S ARMY LEADER","Who are you?!"
3010244,301,16,"RAINFOREST SCHMAINFOREST","MISS STEVENS","Oh, wonderful! We were lost, and it is such a great coincidence we found you. You see, we're here to protest the government-sanctioned raping of your rainforest.  We are fighters, just like you. Could you help us get back to San José?  Um...  Oh, I know! Perhaps you would like a gift.. Well, we have o-honly-hee one gift to give. The gift... of song"
3010245,301,16,"RAINFOREST SCHMAINFOREST","KIDS","Honh."
3010246,301,16,"RAINFOREST SCHMAINFOREST","MISS STEVENS","Kyle, for the love of God, do the right choreography.  Oh, Kyle, please!"
3010247,301,16,"RAINFOREST SCHMAINFOREST","PEOPLE'S ARMY LEADER","Enough!"
3010248,301,16,"RAINFOREST SCHMAINFOREST","MISS STEVENS","Well, we hope that our gift of song has warmed your hearts."
3010249,301,16,"RAINFOREST SCHMAINFOREST","PEOPLE'S ARMY LEADER","We're not getting gay with any kids, okay?"
3010250,301,16,"RAINFOREST SCHMAINFOREST","MISS STEVENS","Uh, yah, soooo, do you have a phone we could use?"
3010251,301,16,"RAINFOREST SCHMAINFOREST","PEOPLE'S ARMY LEADER","Heehee yes, we have a phone. It's right over there next to the 12-person jacuzzi. Now, get out of here before we kill you!"
3010252,301,16,"RAINFOREST SCHMAINFOREST","MISS STEVENS","Is it because of the little Jewish boy's choreography?"
3010253,301,16,"RAINFOREST SCHMAINFOREST","KYLE","Hey!"
3010254,301,16,"RAINFOREST SCHMAINFOREST","PEOPLE'S ARMY LEADER","You white Americans make me sick! You waste food, oil, and everything else because you're so rich, and then you tell the rest of the world to save the rainforest because you like its pretty flowers."
3010255,301,17,"RAINFOREST SCHMAINFOREST","description","two Costa Rican soldiers can be seen behind the gasoline barrels. They pop up and open fire. The people's army immediately responds, and bullets fly everywhere. The kids scream"
3010256,301,17,"RAINFOREST SCHMAINFOREST","PEOPLE'S ARMY LEADER","¡Rapido, rapido!"
3010257,301,17,"RAINFOREST SCHMAINFOREST","MISS STEVENS","Run, children, run!"
3010258,301,18,"RAINFOREST SCHMAINFOREST","description","Back in San José"
3010259,301,18,"RAINFOREST SCHMAINFOREST","EL PRESIDENTE","¡¿Donde putos está el coro?! ¡El espectáculo comienza pronto! (Where the hell is our choir?! The show is supposed to start soon!)"
3010260,301,18,"RAINFOREST SCHMAINFOREST","COUNSELOR MACKEY","No se preocupe, ¿mbien? El Presidente, estáran aqui. Este evento es muy importante para que la maestra del coro se lo pierda. ¿M-m-mbien? (Don't worry, El Presidente, they'll be here. This is too important for the choir teacher to miss.)"
3010261,301,19,"RAINFOREST SCHMAINFOREST","description","Back in the rainforest. The choir now walks along a river bank"
3010262,301,19,"RAINFOREST SCHMAINFOREST","MISS STEVENS","Hello?? Anybody?? Hellp??"
3010263,301,19,"RAINFOREST SCHMAINFOREST","CHOIR BOY","Wow, look at the pretty flower."
3010264,301,19,"RAINFOREST SCHMAINFOREST","MISS STEVENS","Oh nonono, Jake. That fragile flower is very delicate, okay?"
3010265,301,19,"RAINFOREST SCHMAINFOREST","JAKE","Aaaah. Ugh, help!"
3010266,301,19,"RAINFOREST SCHMAINFOREST","MISS STEVENS","Ga-ow!"
3010267,301,19,"RAINFOREST SCHMAINFOREST","KELLY","I wanna go home!  I hate the rainforest!"
3010268,301,19,"RAINFOREST SCHMAINFOREST","KENNY","(Oh, there, there now. There's nothing to be afraid of, dear.)"
3010269,301,19,"RAINFOREST SCHMAINFOREST","KELLY","Oh Lenny, hold me.  No, I can't get attached.  Oh, but I do like you."
3010270,301,19,"RAINFOREST SCHMAINFOREST","KENNY","(Well, I like you-)"
3010271,301,19,"RAINFOREST SCHMAINFOREST","KELLY","Oh, but you're only going to leave me."
3010272,301,19,"RAINFOREST SCHMAINFOREST","KENNY","(Oh, God damn it!)"
3010273,301,20,"RAINFOREST SCHMAINFOREST","description","San José. The reporters for the telecast have arrived and are in position"
3010274,301,20,"RAINFOREST SCHMAINFOREST","SHORT REPORTER","We're here live in San José, Costa Rica, where hundreds of rich Americans have gathered for the Save the Rain Forest summit. Everyone is here so they can feel good about themselves, and act like they aren't the ones responsible for the rainforest's peril."
3010275,301,20,"RAINFOREST SCHMAINFOREST","SLIM REPORTER","That's right, Bob, and of course the main attraction today is the darling kids' choir, ""Getting Gay With Kids,"" all of whom must be backstage preparing at this very moment."
3010276,301,21,"RAINFOREST SCHMAINFOREST","description","The rainforest. The terrain looks familiar..."
3010277,301,21,"RAINFOREST SCHMAINFOREST","MISS STEVENS","Oh, there's just no end to this place! I think maybe we're going in circles. Oh, dear God! The summit starts in an hour; I'm gonna lose my job!  Aaaah!"
3010278,301,21,"RAINFOREST SCHMAINFOREST","CARTMAN","I'm sick of this bullcrap! I'm not following this hippie around anymore."
3010279,301,21,"RAINFOREST SCHMAINFOREST","MISS STEVENS","Eric, where are you going?"
3010280,301,21,"RAINFOREST SCHMAINFOREST","CARTMAN","I'm going this way!"
3010281,301,21,"RAINFOREST SCHMAINFOREST","MISS STEVENS","Young man, I am the adult here, and I say you go this way!"
3010282,301,21,"RAINFOREST SCHMAINFOREST","CARTMAN","Look: you can stay over here, but I'm going over here."
3010283,301,21,"RAINFOREST SCHMAINFOREST","MISS STEVENS","Young man, I have had it!!"
3010284,301,21,"RAINFOREST SCHMAINFOREST","CARTMAN","Nononono! You here, me here! Screw you guys, I'ma going home."
3010285,301,21,"RAINFOREST SCHMAINFOREST","MISS STEVENS","Good! You deserve to die, you little bastard!  Eric, we have to stay together!"
3010286,301,22,"RAINFOREST SCHMAINFOREST","description","Eric moves through the rainforest"
3010287,301,22,"RAINFOREST SCHMAINFOREST","CARTMAN","God-damned stupid hippie activist! I should be home nestled in the couch with my Mr. Kitty right now watching Fat Abbot cartoons and eat-  Yes! I knew it! I'm saved!"
3010288,301,23,"RAINFOREST SCHMAINFOREST","description","Back by the river"
3010289,301,23,"RAINFOREST SCHMAINFOREST","STAN","Hey. Maybe Cartman was right."
3010290,301,23,"RAINFOREST SCHMAINFOREST","KYLE","Yeah. It happened once before."
3010291,301,23,"RAINFOREST SCHMAINFOREST","MISS STEVENS","No. The Spirit of Maya has told me to go this way."
3010292,301,24,"RAINFOREST SCHMAINFOREST","description","At the clearing"
3010293,301,24,"RAINFOREST SCHMAINFOREST","CARTMAN","Mister! You've gotta help me! I'm starving to death!"
3010294,301,24,"RAINFOREST SCHMAINFOREST","FOREMAN","What are you doing here, little boy?"
3010295,301,24,"RAINFOREST SCHMAINFOREST","CARTMAN","I was with my class, and we got all lost in the rainfoest, and I need some food. I'm fading fast!"
3010296,301,24,"RAINFOREST SCHMAINFOREST","FOREMAN","Lost in the rainforest? Oh, my Lord! Where are all the others?"
3010297,301,24,"RAINFOREST SCHMAINFOREST","CARTMAN","Food! I have to have food!"
3010298,301,24,"RAINFOREST SCHMAINFOREST","FOREMAN","Oh my God! Get this child some food, quick!"
3010299,301,24,"RAINFOREST SCHMAINFOREST","CARTMAN","Chicken wings."
3010300,301,24,"RAINFOREST SCHMAINFOREST","FOREMAN","Chicken wings!"
3010301,301,24,"RAINFOREST SCHMAINFOREST","CARTMAN","Medium spicy."
3010302,301,25,"RAINFOREST SCHMAINFOREST","description","San José"
3010303,301,25,"RAINFOREST SCHMAINFOREST","CROWD","Start the show! Start the show! Start the show!"
3010304,301,25,"RAINFOREST SCHMAINFOREST","EL PRESIDENTE","La gente está ansiosa. Dentro de poco, se alborotan y empiezan a tirar chorchadas. (The activists are getting anxious. They will start throwing things soon.)"
3010305,301,25,"RAINFOREST SCHMAINFOREST","COUNSELOR MACKEY","Estoy seguro que llegáran. Eh-solo poquito mas de tiempo, ¿mbien? (I'm sure the choir will be here. We just need a little more time)"
3010306,301,25,"RAINFOREST SCHMAINFOREST","EL PRESIDENTE","Bueno, voy a entretenerlos con mis chistes de Polacos.  (Well, I will try and amuse them with my Pollace Jokes.)"
3010307,301,25,"RAINFOREST SCHMAINFOREST","COUNSELOR MACKEY","Mbien."
3010308,301,25,"RAINFOREST SCHMAINFOREST","EL PRESIDENTE","¿A cuantos Polacos les toma a comerse un burrito?  Dos.  ¿A cuantos Polacos les toma a manejar a Panamá? (How many Pollacks does it take to eat a burrito? Two. How many Pollacks does it take to drive to Panama?)"
3010309,301,26,"RAINFOREST SCHMAINFOREST","description","In the rainforest, the choir keeps walking"
3010310,301,26,"RAINFOREST SCHMAINFOREST","MISS STEVENS","Oh God, this is a nightmare! We're never going to make the festival!"
3010311,301,26,"RAINFOREST SCHMAINFOREST","Stan	Hey, look over there. Isn't that smoke? [a column of smoke ","is seen floating above the canopy]"
3010312,301,26,"RAINFOREST SCHMAINFOREST","MISS STEVENS","Let's go, quickly!"
3010313,301,26,"RAINFOREST SCHMAINFOREST","KYLE","Hey, it's a fire. That means there must be people."
3010314,301,26,"RAINFOREST SCHMAINFOREST","MISS STEVENS","Children, it's the Yanogapa.  Do not be afraid. We are not here to tear down your rainforest."
3010315,301,26,"RAINFOREST SCHMAINFOREST","YANOGAPA 1","Damtilié?"
3010316,301,26,"RAINFOREST SCHMAINFOREST","YANOGAPA 2","Damtilié?"
3010317,301,26,"RAINFOREST SCHMAINFOREST","MISS STEVENS","Look how they live in peace with all living things. Gentle, noble...  Run for your lives, children!"
3010318,301,26,"RAINFOREST SCHMAINFOREST","STAN","Holy crap!"
3010319,301,26,"RAINFOREST SCHMAINFOREST","YANOGAPA","Damtilié! Damtilié! Damtilié!"
3010320,301,26,"RAINFOREST SCHMAINFOREST","STAN","Jesus Christ!"
3010321,301,26,"RAINFOREST SCHMAINFOREST","STAN","Run run ruuun!  Waaah!"
3010322,301,26,"RAINFOREST SCHMAINFOREST","KELLY","Aaaaa! Lenny!"
3010323,301,26,"RAINFOREST SCHMAINFOREST","KENNY","(I've gotcha. Let's go!)"
3010324,301,26,"RAINFOREST SCHMAINFOREST","KYLE","What the hell?"
3010325,301,26,"RAINFOREST SCHMAINFOREST","STAN","We're sinking."
3010326,301,26,"RAINFOREST SCHMAINFOREST","MISS STEVENS","It's quicksand, people!"
3010327,301,27,"RAINFOREST SCHMAINFOREST","description","The Yanogapa village. Heads of unfortunate trespassers hang on poles. An abandoned camera is among them. Further on, the choir is found seated around a campfire... tied up individually"
3010328,301,27,"RAINFOREST SCHMAINFOREST","STAN","All we ever heard growing up was, ""Save the rainforest. The rainforest is fragile""!"
3010329,301,27,"RAINFOREST SCHMAINFOREST","KYLE","Yeah! Fragile my ass!"
3010330,301,27,"RAINFOREST SCHMAINFOREST","KELLY","Larry, if we make it out of this, I want to be your girlfriend. Even if we do live in different places, I don't care!"
3010331,301,27,"RAINFOREST SCHMAINFOREST","KENNY","(Kelly, you said it!)"
3010332,301,28,"RAINFOREST SCHMAINFOREST","description","the Yanogapa men are apparently no different than other men. They have dressed Miss Stevens in a skimpy home-made red-and-white cheerleading outfit, complete with pom-poms, then strung her up between two trees. They dance around her, chanting ""Damtilié"""
3010333,301,28,"RAINFOREST SCHMAINFOREST","MISS STEVENS","Okay. Just what the heck is going on here, people?  AAAAA!!"
3010334,301,28,"RAINFOREST SCHMAINFOREST","KELLY","Oh no, that big thing is going to make love to Miss Stevens!"
3010335,301,28,"RAINFOREST SCHMAINFOREST","MISS STEVENS","All right, that does it!!  Blast these stupid-ass rainforests!! This place fucking sucks!!  I was wrong!! Fuck the rainforest!! I fucking hate it, I fucking hate it!!"
3010336,301,28,"RAINFOREST SCHMAINFOREST","STAN","Oh, now she figures it out."
3010337,301,29,"RAINFOREST SCHMAINFOREST","description","A bulldozer appears, driven by the foreman"
3010338,301,29,"RAINFOREST SCHMAINFOREST","FORMENA","Quick! Everybody help the children!"
3010339,301,30,"RAINFOREST SCHMAINFOREST","description","more bulldozers enter and spread out. The workers go after the Yanogapa and chase them away. The children brighten up considerably. One bulldozer scoops up a group of Yanogapa and crushes them against a tree, killing them, then backs up over a coral snake, crushing it to bits, then rolls forward over a large insect, crushng it."
3010340,301,30,"RAINFOREST SCHMAINFOREST","STAN","Wow!"
3010341,301,30,"RAINFOREST SCHMAINFOREST","KYLE","Dude! Bulldozers rule!"
3010342,301,30,"RAINFOREST SCHMAINFOREST","FOREMAN","Come on! Let's get you back to civilization!"
3010343,301,30,"RAINFOREST SCHMAINFOREST","KIDS","HOORAY!!"
3010344,301,30,"RAINFOREST SCHMAINFOREST","MISS STEVENS","Hooray, children!"
3010345,301,31,"RAINFOREST SCHMAINFOREST","description","Later. Miss Stevens is back in her regular clothes and sits on a gasoline barrel. Kyle sits on another one, and the rest of the kids take positions all over the bulldozer. All sip lemonade"
3010346,301,31,"RAINFOREST SCHMAINFOREST","MISS STEVENS","How did you know where we were?"
3010347,301,31,"RAINFOREST SCHMAINFOREST","FOREMAN","Your little friend helped me out."
3010348,301,31,"RAINFOREST SCHMAINFOREST","MISS STEVENS","Eric?"
3010349,301,31,"RAINFOREST SCHMAINFOREST","CARTMAN","Who'd you expect? Merv Griffin?"
3010350,301,31,"RAINFOREST SCHMAINFOREST","MISS STEVENS","What exactly are you guys doing out here, with all this ...construction equipment?"
3010351,301,31,"RAINFOREST SCHMAINFOREST","FOREMAN","We're clearing out big sections of the rainforest for a lumberyard."
3010352,301,31,"RAINFOREST SCHMAINFOREST","MISS STEVENS","Really?  That's great!!"
3010353,301,31,"RAINFOREST SCHMAINFOREST","FOREMAN","You mean, you don't mind?"
3010354,301,31,"RAINFOREST SCHMAINFOREST","MISS STEVENS","Nooo, I hate the rainforest! You go right ahead and plow down this whole fucking thing!"
3010355,301,31,"RAINFOREST SCHMAINFOREST","FOREMAN","That's swell!"
3010356,301,31,"RAINFOREST SCHMAINFOREST","KELLY","Okay, Benny. So in order for our long-distance relationship to work, we'll have to call each other every other day."
3010357,301,31,"RAINFOREST SCHMAINFOREST","KENNY","(Okay. I can do that.)"
3010358,301,31,"RAINFOREST SCHMAINFOREST","(Christ!) [he falls, she gets up and goes to him]",""
3010359,301,31,"RAINFOREST SCHMAINFOREST","KELLY","Aaaah! Lenny! No!"
3010360,301,31,"RAINFOREST SCHMAINFOREST","STAN","Oh my God, they killed Kenny."
3010361,301,31,"RAINFOREST SCHMAINFOREST","KYLE","You bastards!"
3010362,301,31,"RAINFOREST SCHMAINFOREST","KELLY","Whah?? Who?! Who killed him?!"
3010363,301,31,"RAINFOREST SCHMAINFOREST","STAN","They did."
3010364,301,31,"RAINFOREST SCHMAINFOREST","KELLY","Who's ""they""?!"
3010365,301,31,"RAINFOREST SCHMAINFOREST","STAN","You know, ""they."""
3010366,301,31,"RAINFOREST SCHMAINFOREST","KYLE","They're... they're bastards."
3010367,301,31,"RAINFOREST SCHMAINFOREST","KELLY","Well don't just stand there, help him!!"
3010368,301,31,"RAINFOREST SCHMAINFOREST","KYLE","What?"
3010369,301,31,"RAINFOREST SCHMAINFOREST","STAN","Help ...him?"
3010370,301,31,"RAINFOREST SCHMAINFOREST","KELLY","Aaagh!"
3010371,301,31,"RAINFOREST SCHMAINFOREST","Come on, Benny! Breathe! [she tries giving him mouth-to-mouth ","resuscitation, then pounds on his chest again]"
3010372,301,31,"RAINFOREST SCHMAINFOREST","Breathe, you son of a bitch! [she picks her nose, then pounds ","some more. Kenny coughs, and she listens]"
3010373,301,31,"RAINFOREST SCHMAINFOREST","KYLE","Whoa, dude!"
3010374,301,32,"RAINFOREST SCHMAINFOREST","description","San José. The choir is now at the Save the Rain Forest summit stage"
3010375,301,32,"RAINFOREST SCHMAINFOREST","SUMMIT HOST","And now, here to teach us about the rainfoest is Getting Gay With Kids."
3010376,301,32,"RAINFOREST SCHMAINFOREST","MISS STEVENS","Does everybody remember the new lyrics? And..."
3010377,301,32,"RAINFOREST SCHMAINFOREST","THE NEW LYRICS","Tootin' tootin' to, tada choo choo wow!"
3010378,301,32,"RAINFOREST SCHMAINFOREST","[Men sing] There's a place called the rainforest; it truly sucks ","ass."
3010379,301,32,"RAINFOREST SCHMAINFOREST","[Women sing] Let's knock it all down and get rid of it fast.",""
3010380,301,32,"RAINFOREST SCHMAINFOREST","[Men sing] You say, ""Save the rainforest,"" but what do you know?",""
3010381,301,32,"RAINFOREST SCHMAINFOREST","[All sing] You've never been to the rainforest before.",""
3010382,301,33,"RAINFOREST SCHMAINFOREST","description","Chorus] Getting Gay With Kids is here! [Kyle still can't dance"
3010383,301,33,"RAINFOREST SCHMAINFOREST","To tell you things you might not like to hear.",""
3010384,301,33,"RAINFOREST SCHMAINFOREST","You only fight these causes 'cause caring sells.",""
3010385,301,33,"RAINFOREST SCHMAINFOREST","All you activists can go fuck yourselves!",""
3010386,301,33,"RAINFOREST SCHMAINFOREST","MALE ACTIVIST","That was so inspiring."
3010387,301,33,"RAINFOREST SCHMAINFOREST","FEMALE ACTIVIST","What a wonderful message."
3010388,301,33,"RAINFOREST SCHMAINFOREST","Each year, the Rainforest is",""
3010389,301,33,"RAINFOREST SCHMAINFOREST","responsible for over three",""
3010390,301,33,"RAINFOREST SCHMAINFOREST","thousand deaths from",""
3010391,301,33,"RAINFOREST SCHMAINFOREST","accidents, attacks or",""
3010392,301,33,"RAINFOREST SCHMAINFOREST","illnesses.",""
3010393,301,33,"RAINFOREST SCHMAINFOREST","[Woman sings] There'll be no more rainforests left in the entire ","world!"
3010394,301,33,"RAINFOREST SCHMAINFOREST","There are over seven",""
3010395,301,33,"RAINFOREST SCHMAINFOREST","hundred things in the",""
3010396,301,33,"RAINFOREST SCHMAINFOREST","Rainforest that cause cancer.",""
3010397,301,33,"RAINFOREST SCHMAINFOREST","[Man joins her] World!",""
3010398,301,33,"RAINFOREST SCHMAINFOREST","Join the fight now and help",""
3010399,301,33,"RAINFOREST SCHMAINFOREST","stop the Rainforest before",""
3010400,301,33,"RAINFOREST SCHMAINFOREST","it's too late.",""
3010401,301,34,"RAINFOREST SCHMAINFOREST","description","Chorus"
3010402,301,34,"RAINFOREST SCHMAINFOREST","Getting Gay With Kids is here!",""
3010403,301,34,"RAINFOREST SCHMAINFOREST","To spread the word and bring you cheer. Yeah!",""
3010404,301,34,"RAINFOREST SCHMAINFOREST","[Move to E flat] Getting Gay With Kids is here!",""
3010405,301,34,"RAINFOREST SCHMAINFOREST","Let's knock down the rainforest! What do you say?!",""
3010406,301,34,"RAINFOREST SCHMAINFOREST","It's totally gay! It's totally gay!",""
